X,Y,Ponto,Data,X,Y,Medição,Período,Limite,LAEq,L90,LAEq_Rlaeq,L90_Rlaeq,Obs,icon_url
-49.3256612676014,-28.6032698850363,"1",2015/06/25,"663712","6834822",2015 Diurno,Diurno,"60",65.90,,Não atende,,Influência rua Maximiliano Gaidizinski,./0.png
-49.3257189560736,-28.604145963976,"2",2015/06/25,"663705","6834725",2015 Diurno,Diurno,"60",64.00,,Não atende,,Influência rua Maximiliano Gaidizinski,./0.png
-49.3256394415495,-28.6052910801736,"3",2015/06/25,"663711","6834598",2015 Diurno,Diurno,"60",64.60,,Não atende,,Influência rua Maximiliano Gaidizinski,./0.png
-49.3256695274546,-28.6066180376716,"4",2015/06/25,"663706","6834451",2015 Diurno,Diurno,"60",65.50,,Não atende,,Influência rua Maximiliano Gaidizinski,./0.png
-49.3257209845359,-28.60853184434,"5",2015/06/25,"663698","6834239",2015 Diurno,Diurno,"60",64.70,,Não atende,,Influência rua Ambrósio Dalló,./0.png
-49.3243750188578,-28.6089303353121,"6",2015/06/25,"663829","6834193",2015 Diurno,Diurno,"60",69.80,,Não atende,,Influência rua Ambrósio Dalló,./0.png
-49.3229737178837,-28.6089491039106,"7",2015/06/25,"663966","6834189",2015 Diurno,Diurno,"60",66.30,,Não atende,,Influência rua Ambrósio Dalló,./0.png
-49.3210417590861,-28.6088981157792,"8",2015/06/25,"664155","6834192",2015 Diurno,Diurno,"60",61.10,,Não atende,,Influência rua Ambrósio Dalló,./0.png
-49.3210516244443,-28.6076348248297,"9",2015/06/25,"664156","6834332",2015 Diurno,Diurno,"60",60.60,,Não atende,,,./0.png
-49.3210370230594,-28.6066239133239,"10",2015/06/25,"664159","6834444",2015 Diurno,Diurno,"60",53.60,,Atende,,,./0.png
-49.321055712737,-28.6060917062651,"11",2015/06/25,"664158","6834503",2015 Diurno,Diurno,"60",59.80,,Atende,,,./0.png
-49.3210034083708,-28.6055225223791,"12",2015/06/25,"664164","6834566",2015 Diurno,Diurno,"60",62.50,,Não atende,,,./0.png
-49.3203220250715,-28.6059292031892,"13",2015/06/25,"664230","6834520",2015 Diurno,Diurno,"60",58.20,,Atende,,,./0.png
-49.3203068882897,-28.6055951135528,"14",2015/06/25,"664232","6834557",2015 Diurno,Diurno,"60",57.30,,Atende,,,./0.png
-49.319544428189,-28.6059556638656,"15",2015/06/25,"664306","6834516",2015 Diurno,Diurno,"60",55.80,,Atende,,,./0.png
-49.3194594496383,-28.6055124158932,"16",2015/06/25,"664315","6834565",2015 Diurno,Diurno,"60",53.00,,Atende,,,./0.png
-49.3203232519041,-28.6045665367979,"17",2015/06/25,"664232","6834671",2015 Diurno,Diurno,"60",57.90,,Atende,,,./0.png
-49.3209921066655,-28.6043040906339,"18",2015/06/25,"664167","6834701",2015 Diurno,Diurno,"60",52.70,,Atende,,,./0.png
-49.3239597182894,-28.6022381279847,"19",2015/06/25,"663880","6834934",2015 Diurno,Diurno,"60",67.90,,Não atende,,Influência rua local,./0.png
-49.3238420136094,-28.6032113073052,"20",2015/06/25,"663890","6834826",2015 Diurno,Diurno,"60",64.20,,Não atende,,Influência rua local,./0.png
-49.3252842767483,-28.6031840090736,"21",2015/06/25,"663749","6834831",2015 Diurno,Diurno,"60",67.40,,Não atende,,Influência rua local,./0.png
-49.3256612676014,-28.6032698850363,"1",2015/05/26,"663712","6834822",2015 Noturno,Noturno,"55",62.50,,Não atende,,Influência rua Maximiliano Gaidizinski,./0.png
-49.3257189560736,-28.604145963976,"2",2015/05/26,"663705","6834725",2015 Noturno,Noturno,"55",62.80,,Não atende,,Influência rua Maximiliano Gaidizinski,./0.png
-49.3256394415495,-28.6052910801736,"3",2015/05/26,"663711","6834598",2015 Noturno,Noturno,"55",66.10,,Não atende,,Influência rua Maximiliano Gaidizinski,./0.png
-49.3256695274546,-28.6066180376716,"4",2015/05/26,"663706","6834451",2015 Noturno,Noturno,"55",65.00,,Não atende,,Influência rua Maximiliano Gaidizinski,./0.png
-49.3257209845359,-28.60853184434,"5",2015/05/26,"663698","6834239",2015 Noturno,Noturno,"55",58.20,,Não atende,,Influência rua Ambrósio Dalló,./0.png
-49.3243750188578,-28.6089303353121,"6",2015/05/26,"663829","6834193",2015 Noturno,Noturno,"55",58.70,,Não atende,,Influência rua Ambrósio Dalló,./0.png
-49.3229737178837,-28.6089491039106,"7",2015/05/26,"663966","6834189",2015 Noturno,Noturno,"55",59.40,,Não atende,,Influência rua Ambrósio Dalló,./0.png
-49.3210417590861,-28.6088981157792,"8",2015/05/26,"664155","6834192",2015 Noturno,Noturno,"55",62.10,,Não atende,,Influência rua Ambrósio Dalló,./0.png
-49.3210516244443,-28.6076348248297,"9",2015/05/26,"664156","6834332",2015 Noturno,Noturno,"55",55.60,,Não atende,,,./0.png
-49.3210370230594,-28.6066239133239,"10",2015/05/26,"664159","6834444",2015 Noturno,Noturno,"55",53.60,,Atende,,,./0.png
-49.321055712737,-28.6060917062651,"11",2015/05/26,"664158","6834503",2015 Noturno,Noturno,"55",58.20,,Não atende,,,./0.png
-49.3210034083708,-28.6055225223791,"12",2015/05/26,"664164","6834566",2015 Noturno,Noturno,"55",58.10,,Não atende,,,./0.png
-49.3203220250715,-28.6059292031892,"13",2015/05/26,"664230","6834520",2015 Noturno,Noturno,"55",61.10,,Não atende,,,./0.png
-49.3203068882897,-28.6055951135528,"14",2015/05/26,"664232","6834557",2015 Noturno,Noturno,"55",60.70,,Não atende,,,./0.png
-49.319544428189,-28.6059556638656,"15",2015/05/26,"664306","6834516",2015 Noturno,Noturno,"55",52.50,,Atende,,,./0.png
-49.3194594496383,-28.6055124158932,"16",2015/05/26,"664315","6834565",2015 Noturno,Noturno,"55",54.10,,Atende,,,./0.png
-49.3203232519041,-28.6045665367979,"17",2015/05/26,"664232","6834671",2015 Noturno,Noturno,"55",58.40,,Não atende,,,./0.png
-49.3209921066655,-28.6043040906339,"18",2015/05/26,"664167","6834701",2015 Noturno,Noturno,"55",56.30,,Não atende,,,./0.png
-49.3239597182894,-28.6022381279847,"19",2015/05/26,"663880","6834934",2015 Noturno,Noturno,"55",53.70,,Atende,,,./0.png
-49.3238420136094,-28.6032113073052,"20",2015/05/26,"663890","6834826",2015 Noturno,Noturno,"55",61.60,,Não atende,,Influência rua local,./0.png
-49.3252842767483,-28.6031840090736,"21",2015/05/26,"663749","6834831",2015 Noturno,Noturno,"55",59.30,,Não atende,,Influência rua local,./0.png
-49.3256612676014,-28.6032698850363,"1",2017/04/07,"663712","6834822",2017 Diurno,Diurno,"60",57.70,,Atende,,,./0.png
-49.3257189560736,-28.604145963976,"2",2017/04/07,"663705","6834725",2017 Diurno,Diurno,"60",53.80,,Atende,,,./0.png
-49.3256394415495,-28.6052910801736,"3",2017/04/07,"663711","6834598",2017 Diurno,Diurno,"60",53.60,,Atende,,,./0.png
-49.3256695274546,-28.6066180376716,"4",2017/04/07,"663706","6834451",2017 Diurno,Diurno,"60",55.10,,Atende,,,./0.png
-49.3257209845359,-28.60853184434,"5",2017/04/07,"663698","6834239",2017 Diurno,Diurno,"60",55.60,,Atende,,,./0.png
-49.3243750188578,-28.6089303353121,"6",2017/04/07,"663829","6834193",2017 Diurno,Diurno,"60",56.70,,Atende,,,./0.png
-49.3229737178837,-28.6089491039106,"7",2017/04/07,"663966","6834189",2017 Diurno,Diurno,"60",64.40,,Não atende,,Influência rua Ambrósio Dalló,./0.png
-49.3210417590861,-28.6088981157792,"8",2017/04/07,"664155","6834192",2017 Diurno,Diurno,"60",52.90,,Atende,,,./0.png
-49.3210516244443,-28.6076348248297,"9",2017/04/07,"664156","6834332",2017 Diurno,Diurno,"60",53.90,,Atende,,,./0.png
-49.3210370230594,-28.6066239133239,"10",2017/04/07,"664159","6834444",2017 Diurno,Diurno,"60",55.10,,Atende,,,./0.png
-49.321055712737,-28.6060917062651,"11",2017/04/07,"664158","6834503",2017 Diurno,Diurno,"60",55.00,,Atende,,,./0.png
-49.3210034083708,-28.6055225223791,"12",2017/04/07,"664164","6834566",2017 Diurno,Diurno,"60",51.80,,Atende,,,./0.png
-49.3203220250715,-28.6059292031892,"13",2017/04/07,"664230","6834520",2017 Diurno,Diurno,"60",52.30,,Atende,,,./0.png
-49.3203068882897,-28.6055951135528,"14",2017/04/07,"664232","6834557",2017 Diurno,Diurno,"60",52.00,,Atende,,,./0.png
-49.319544428189,-28.6059556638656,"15",2017/04/07,"664306","6834516",2017 Diurno,Diurno,"60",49.50,,Atende,,,./0.png
-49.3194594496383,-28.6055124158932,"16",2017/04/07,"664315","6834565",2017 Diurno,Diurno,"60",50.10,,Atende,,,./0.png
-49.3203232519041,-28.6045665367979,"17",2017/04/07,"664232","6834671",2017 Diurno,Diurno,"60",55.80,,Atende,,,./0.png
-49.3209921066655,-28.6043040906339,"18",2017/04/07,"664167","6834701",2017 Diurno,Diurno,"60",49.50,,Atende,,,./0.png
-49.3239597182894,-28.6022381279847,"19",2017/04/07,"663880","6834934",2017 Diurno,Diurno,"60",58.20,,Atende,,,./0.png
-49.3238420136094,-28.6032113073052,"20",2017/04/07,"663890","6834826",2017 Diurno,Diurno,"60",59.40,,Atende,,,./0.png
-49.3252842767483,-28.6031840090736,"21",2017/04/07,"663749","6834831",2017 Diurno,Diurno,"60",55.50,,Atende,,,./0.png
-49.3256612676014,-28.6032698850363,"1",2017/04/07,"663712","6834822",2017 Noturno,Noturno,"55",54.90,,Atende,,,./0.png
-49.3257189560736,-28.604145963976,"2",2017/04/07,"663705","6834725",2017 Noturno,Noturno,"55",50.20,,Atende,,,./0.png
-49.3256394415495,-28.6052910801736,"3",2017/04/07,"663711","6834598",2017 Noturno,Noturno,"55",52.00,,Atende,,,./0.png
-49.3256695274546,-28.6066180376716,"4",2017/04/07,"663706","6834451",2017 Noturno,Noturno,"55",57.80,,Não atende,,Influência rua Maximiliano Gaidizinski,./0.png
-49.3257209845359,-28.60853184434,"5",2017/04/07,"663698","6834239",2017 Noturno,Noturno,"55",51.60,,Atende,,,./0.png
-49.3243750188578,-28.6089303353121,"6",2017/04/07,"663829","6834193",2017 Noturno,Noturno,"55",56.10,,Não atende,,Influência rua Maximiliano Gaidizinski,./0.png
-49.3229737178837,-28.6089491039106,"7",2017/04/07,"663966","6834189",2017 Noturno,Noturno,"55",54.50,,Atende,,,./0.png
-49.3210417590861,-28.6088981157792,"8",2017/04/07,"664155","6834192",2017 Noturno,Noturno,"55",49.50,,Atende,,,./0.png
-49.3210516244443,-28.6076348248297,"9",2017/04/07,"664156","6834332",2017 Noturno,Noturno,"55",53.30,,Atende,,,./0.png
-49.3210370230594,-28.6066239133239,"10",2017/04/07,"664159","6834444",2017 Noturno,Noturno,"55",50.50,,Atende,,,./0.png
-49.321055712737,-28.6060917062651,"11",2017/04/07,"664158","6834503",2017 Noturno,Noturno,"55",51.80,,Atende,,,./0.png
-49.3210034083708,-28.6055225223791,"12",2017/04/07,"664164","6834566",2017 Noturno,Noturno,"55",50.30,,Atende,,,./0.png
-49.3203220250715,-28.6059292031892,"13",2017/04/07,"664230","6834520",2017 Noturno,Noturno,"55",49.90,,Atende,,,./0.png
-49.3203068882897,-28.6055951135528,"14",2017/04/07,"664232","6834557",2017 Noturno,Noturno,"55",49.20,,Atende,,,./0.png
-49.319544428189,-28.6059556638656,"15",2017/04/07,"664306","6834516",2017 Noturno,Noturno,"55",46.00,,Atende,,,./0.png
-49.3194594496383,-28.6055124158932,"16",2017/04/07,"664315","6834565",2017 Noturno,Noturno,"55",47.60,,Atende,,,./0.png
-49.3203232519041,-28.6045665367979,"17",2017/04/07,"664232","6834671",2017 Noturno,Noturno,"55",49.90,,Atende,,,./0.png
-49.3209921066655,-28.6043040906339,"18",2017/04/07,"664167","6834701",2017 Noturno,Noturno,"55",48.30,,Atende,,,./0.png
-49.3239597182894,-28.6022381279847,"19",2017/04/07,"663880","6834934",2017 Noturno,Noturno,"55",49.00,,Atende,,,./0.png
-49.3238420136094,-28.6032113073052,"20",2017/04/07,"663890","6834826",2017 Noturno,Noturno,"55",49.70,,Atende,,,./0.png
-49.3252842767483,-28.6031840090736,"21",2017/04/07,"663749","6834831",2017 Noturno,Noturno,"55",55.70,,Não atende,,"Reavaliado após melhoria (resultado 53,9)",./0.png
-49.3256612676014,-28.6032698850363,"1",2019/05/21,"663712","6834822",2019 Diurno,Diurno,"70",57.30,,Atende,,,./0.png
-49.3257189560736,-28.604145963976,"2",2019/05/21,"663705","6834725",2019 Diurno,Diurno,"70",56.30,,Atende,,,./0.png
-49.3256394415495,-28.6052910801736,"3",2019/05/21,"663711","6834598",2019 Diurno,Diurno,"70",54.10,,Atende,,,./0.png
-49.3256695274546,-28.6066180376716,"4",2019/05/21,"663706","6834451",2019 Diurno,Diurno,"70",56.50,,Atende,,,./0.png
-49.3257209845359,-28.60853184434,"5",2019/05/21,"663698","6834239",2019 Diurno,Diurno,"70",57.70,,Atende,,,./0.png
-49.3243750188578,-28.6089303353121,"6",2019/05/21,"663829","6834193",2019 Diurno,Diurno,"70",59.40,,Atende,,,./0.png
-49.3229737178837,-28.6089491039106,"7",2019/05/21,"663966","6834189",2019 Diurno,Diurno,"70",67.90,,Atende,,,./0.png
-49.3210417590861,-28.6088981157792,"8",2019/05/21,"664155","6834192",2019 Diurno,Diurno,"70",58.60,,Atende,,,./0.png
-49.3210516244443,-28.6076348248297,"9",2019/05/21,"664156","6834332",2019 Diurno,Diurno,"70",49.80,,Atende,,,./0.png
-49.3210370230594,-28.6066239133239,"10",2019/05/21,"664159","6834444",2019 Diurno,Diurno,"70",50.80,,Atende,,,./0.png
-49.321055712737,-28.6060917062651,"11",2019/05/21,"664158","6834503",2019 Diurno,Diurno,"70",57.50,,Atende,,,./0.png
-49.3210034083708,-28.6055225223791,"12",2019/05/21,"664164","6834566",2019 Diurno,Diurno,"70",52.60,,Atende,,,./0.png
-49.3203220250715,-28.6059292031892,"13",2019/05/21,"664230","6834520",2019 Diurno,Diurno,"70",49.30,,Atende,,,./0.png
-49.3203068882897,-28.6055951135528,"14",2019/05/21,"664232","6834557",2019 Diurno,Diurno,"70",50.50,,Atende,,,./0.png
-49.319544428189,-28.6059556638656,"15",2019/05/21,"664306","6834516",2019 Diurno,Diurno,"70",56.60,,Atende,,,./0.png
-49.3194594496383,-28.6055124158932,"16",2019/05/21,"664315","6834565",2019 Diurno,Diurno,"70",52.00,,Atende,,,./0.png
-49.3203232519041,-28.6045665367979,"17",2019/05/21,"664232","6834671",2019 Diurno,Diurno,"70",50.90,,Atende,,,./0.png
-49.3209921066655,-28.6043040906339,"18",2019/05/21,"664167","6834701",2019 Diurno,Diurno,"70",47.60,,Atende,,,./0.png
-49.3239597182894,-28.6022381279847,"19",2019/05/21,"663880","6834934",2019 Diurno,Diurno,"70",56.40,,Atende,,,./0.png
-49.3238420136094,-28.6032113073052,"20",2019/05/21,"663890","6834826",2019 Diurno,Diurno,"70",57.70,,Atende,,,./0.png
-49.3252842767483,-28.6031840090736,"21",2019/05/21,"663749","6834831",2019 Diurno,Diurno,"70",57.30,,Atende,,,./0.png
-49.3256612676014,-28.6032698850363,"1",2019/05/29,"663712","6834822",2019 Noturno,Noturno,"60",56.50,,Atende,,,./0.png
-49.3257189560736,-28.604145963976,"2",2019/05/29,"663705","6834725",2019 Noturno,Noturno,"60",55.10,,Atende,,,./0.png
-49.3256394415495,-28.6052910801736,"3",2019/05/29,"663711","6834598",2019 Noturno,Noturno,"60",55.80,,Atende,,,./0.png
-49.3256695274546,-28.6066180376716,"4",2019/05/29,"663706","6834451",2019 Noturno,Noturno,"60",59.10,,Atende,,,./0.png
-49.3257209845359,-28.60853184434,"5",2019/05/29,"663698","6834239",2019 Noturno,Noturno,"60",50.60,,Atende,,,./0.png
-49.3243750188578,-28.6089303353121,"6",2019/05/29,"663829","6834193",2019 Noturno,Noturno,"60",62.30,,Não atende,,Área de manobra (balança),./0.png
-49.3229737178837,-28.6089491039106,"7",2019/05/29,"663966","6834189",2019 Noturno,Noturno,"60",59.80,,Atende,,,./0.png
-49.3210417590861,-28.6088981157792,"8",2019/05/29,"664155","6834192",2019 Noturno,Noturno,"60",45.50,,Atende,,,./0.png
-49.3210516244443,-28.6076348248297,"9",2019/05/29,"664156","6834332",2019 Noturno,Noturno,"60",52.90,,Atende,,,./0.png
-49.3210370230594,-28.6066239133239,"10",2019/05/29,"664159","6834444",2019 Noturno,Noturno,"60",49.80,,Atende,,,./0.png
-49.321055712737,-28.6060917062651,"11",2019/05/29,"664158","6834503",2019 Noturno,Noturno,"60",56.00,,Atende,,,./0.png
-49.3210034083708,-28.6055225223791,"12",2019/05/29,"664164","6834566",2019 Noturno,Noturno,"60",49.80,,Atende,,,./0.png
-49.3203220250715,-28.6059292031892,"13",2019/05/29,"664230","6834520",2019 Noturno,Noturno,"60",48.00,,Atende,,,./0.png
-49.3203068882897,-28.6055951135528,"14",2019/05/29,"664232","6834557",2019 Noturno,Noturno,"60",50.30,,Atende,,,./0.png
-49.319544428189,-28.6059556638656,"15",2019/05/29,"664306","6834516",2019 Noturno,Noturno,"60",42.80,,Atende,,,./0.png
-49.3194594496383,-28.6055124158932,"16",2019/05/29,"664315","6834565",2019 Noturno,Noturno,"60",41.90,,Atende,,,./0.png
-49.3203232519041,-28.6045665367979,"17",2019/05/29,"664232","6834671",2019 Noturno,Noturno,"60",51.00,,Atende,,,./0.png
-49.3209921066655,-28.6043040906339,"18",2019/05/29,"664167","6834701",2019 Noturno,Noturno,"60",46.60,,Atende,,,./0.png
-49.3239597182894,-28.6022381279847,"19",2019/05/29,"663880","6834934",2019 Noturno,Noturno,"60",47.40,,Atende,,,./0.png
-49.3238420136094,-28.6032113073052,"20",2019/05/29,"663890","6834826",2019 Noturno,Noturno,"60",53.30,,Atende,,,./0.png
-49.3252842767483,-28.6031840090736,"21",2019/05/29,"663749","6834831",2019 Noturno,Noturno,"60",53.50,,Atende,,,./0.png
-49.3256612676014,-28.6032698850363,"1",2020/10/28,"663712","6834822",2020 Diurno,Diurno,"70",66.43,69.80,Atende,Atende,,./0.png
-49.3257189560736,-28.604145963976,"2",2020/10/28,"663705","6834725",2020 Diurno,Diurno,"70",60.74,64.10,Atende,Atende,,./0.png
-49.3256394415495,-28.6052910801736,"3",2020/10/28,"663711","6834598",2020 Diurno,Diurno,"70",63.30,66.20,Atende,Atende,,./0.png
-49.3256695274546,-28.6066180376716,"4",2020/10/28,"663706","6834451",2020 Diurno,Diurno,"70",67.91,68.70,Atende,Atende,,./0.png
-49.3257209845359,-28.60853184434,"5",2020/10/28,"663698","6834239",2020 Diurno,Diurno,"70",62.81,64.30,Atende,Atende,,./0.png
-49.3243750188578,-28.6089303353121,"6",2020/10/28,"663829","6834193",2020 Diurno,Diurno,"70",74.31,78.80,Não atende,Não Atende,Influência rua Ambrósio Dalló,./1.png
-49.3229737178837,-28.6089491039106,"7",2020/10/28,"663966","6834189",2020 Diurno,Diurno,"70",71.54,73.80,Não atende,Não Atende,Influência rua Ambrósio Dalló,./1.png
-49.3210417590861,-28.6088981157792,"8",2020/10/28,"664155","6834192",2020 Diurno,Diurno,"70",64.85,67.50,Atende,Atende,,./0.png
-49.3210516244443,-28.6076348248297,"9",2020/10/28,"664156","6834332",2020 Diurno,Diurno,"70",57.44,59.40,Atende,Atende,,./0.png
-49.3210370230594,-28.6066239133239,"10",2020/10/28,"664159","6834444",2020 Diurno,Diurno,"70",57.01,60.00,Atende,Atende,,./0.png
-49.321055712737,-28.6060917062651,"11",2020/10/28,"664158","6834503",2020 Diurno,Diurno,"70",57.37,61.20,Atende,Atende,,./0.png
-49.3210034083708,-28.6055225223791,"12",2020/10/28,"664164","6834566",2020 Diurno,Diurno,"70",54.83,58.50,Atende,Atende,,./0.png
-49.3203220250715,-28.6059292031892,"13",2020/10/28,"664230","6834520",2020 Diurno,Diurno,"70",58.08,59.40,Atende,Atende,,./0.png
-49.3203068882897,-28.6055951135528,"14",2020/10/28,"664232","6834557",2020 Diurno,Diurno,"70",60.23,59.90,Atende,Atende,,./0.png
-49.319544428189,-28.6059556638656,"15",2020/10/28,"664306","6834516",2020 Diurno,Diurno,"70",48.55,48.70,Atende,Atende,,./0.png
-49.3194594496383,-28.6055124158932,"16",2020/10/28,"664315","6834565",2020 Diurno,Diurno,"70",53.19,51.60,Atende,Atende,,./0.png
-49.3203232519041,-28.6045665367979,"17",2020/10/28,"664232","6834671",2020 Diurno,Diurno,"70",66.72,66.90,Atende,Atende,,./0.png
-49.3209921066655,-28.6043040906339,"18",2020/10/28,"664167","6834701",2020 Diurno,Diurno,"70",52.56,54.80,Atende,Atende,,./0.png
-49.3239597182894,-28.6022381279847,"19",2020/10/28,"663880","6834934",2020 Diurno,Diurno,"70",62.21,66.60,Atende,Atende,,./0.png
-49.3238420136094,-28.6032113073052,"20",2020/10/28,"663890","6834826",2020 Diurno,Diurno,"70",62.92,66.70,Atende,Atende,,./0.png
-49.3252842767483,-28.6031840090736,"21",2020/10/28,"663749","6834831",2020 Diurno,Diurno,"70",66.01,69.20,Atende,Atende,,./0.png
-49.3256612676014,-28.6032698850363,"1",2020/10/28,"663712","6834822",2020 Noturno,Noturno,"60",60.47,55.70,Não atende,Atende,Influência rua Maximiliano Gaidizinski,./2.png
-49.3257189560736,-28.604145963976,"2",2020/10/28,"663705","6834725",2020 Noturno,Noturno,"60",54.85,50.00,Atende,Atende,,./0.png
-49.3256394415495,-28.6052910801736,"3",2020/10/28,"663711","6834598",2020 Noturno,Noturno,"60",56.15,50.10,Atende,Atende,,./0.png
-49.3256695274546,-28.6066180376716,"4",2020/10/28,"663706","6834451",2020 Noturno,Noturno,"60",63.07,55.70,Não atende,Atende,Influência rua Maximiliano Gaidizinski,./2.png
-49.3257209845359,-28.60853184434,"5",2020/10/28,"663698","6834239",2020 Noturno,Noturno,"60",55.10,45.60,Atende,Atende,,./0.png
-49.3243750188578,-28.6089303353121,"6",2020/10/28,"663829","6834193",2020 Noturno,Noturno,"60",53.84,50.50,Atende,Atende,,./0.png
-49.3229737178837,-28.6089491039106,"7",2020/10/28,"663966","6834189",2020 Noturno,Noturno,"60",58.83,50.70,Atende,Atende,,./0.png
-49.3210417590861,-28.6088981157792,"8",2020/10/28,"664155","6834192",2020 Noturno,Noturno,"60",61.94,45.80,Não atende,Atende,Influência rua Ambrósio Dalló,./2.png
-49.3210516244443,-28.6076348248297,"9",2020/10/28,"664156","6834332",2020 Noturno,Noturno,"60",52.91,45.60,Atende,Atende,,./0.png
-49.3210370230594,-28.6066239133239,"10",2020/10/28,"664159","6834444",2020 Noturno,Noturno,"60",50.65,50.00,Atende,Atende,,./0.png
-49.321055712737,-28.6060917062651,"11",2020/10/28,"664158","6834503",2020 Noturno,Noturno,"60",53.53,50.60,Atende,Atende,,./0.png
-49.3210034083708,-28.6055225223791,"12",2020/10/28,"664164","6834566",2020 Noturno,Noturno,"60",52.92,50.50,Atende,Atende,,./0.png
-49.3203220250715,-28.6059292031892,"13",2020/10/28,"664230","6834520",2020 Noturno,Noturno,"60",67.67,46.20,Não atende,Atende,Influência de latidos de cachorros,./2.png
-49.3203068882897,-28.6055951135528,"14",2020/10/28,"664232","6834557",2020 Noturno,Noturno,"60",52.04,50.50,Atende,Atende,,./0.png
-49.319544428189,-28.6059556638656,"15",2020/10/28,"664306","6834516",2020 Noturno,Noturno,"60",46.44,45.50,Atende,Atende,,./0.png
-49.3194594496383,-28.6055124158932,"16",2020/10/28,"664315","6834565",2020 Noturno,Noturno,"60",53.34,47.00,Atende,Atende,,./0.png
-49.3203232519041,-28.6045665367979,"17",2020/10/28,"664232","6834671",2020 Noturno,Noturno,"60",61.50,50.60,Não atende,Atende,Influência de latidos de cachorros,./2.png
-49.3209921066655,-28.6043040906339,"18",2020/10/28,"664167","6834701",2020 Noturno,Noturno,"60",48.58,45.50,Atende,Atende,,./0.png
-49.3239597182894,-28.6022381279847,"19",2020/10/28,"663880","6834934",2020 Noturno,Noturno,"60",53.41,45.60,Atende,Atende,,./0.png
-49.3238420136094,-28.6032113073052,"20",2020/10/28,"663890","6834826",2020 Noturno,Noturno,"60",57.45,55.50,Atende,Atende,,./0.png
-49.3252842767483,-28.6031840090736,"21",2020/10/28,"663749","6834831",2020 Noturno,Noturno,"60",55.77,55.40,Atende,Atende,,./0.png
-49.3256612676014,-28.6032698850363,"1",2021/09/29,"663712","6834822",2021 Diurno,Diurno,"70",63.47,56.60,Atende,Atende,,./0.png
-49.3257189560736,-28.604145963976,"2",2021/09/29,"663705","6834725",2021 Diurno,Diurno,"70",61.37,51.22,Atende,Atende,,./0.png
-49.3256394415495,-28.6052910801736,"3",2021/09/29,"663711","6834598",2021 Diurno,Diurno,"70",60.45,51.17,Atende,Atende,,./0.png
-49.3256695274546,-28.6066180376716,"4",2021/09/29,"663706","6834451",2021 Diurno,Diurno,"70",61.04,55.20,Atende,Atende,,./0.png
-49.3257209845359,-28.60853184434,"5",2021/09/29,"663698","6834239",2021 Diurno,Diurno,"70",56.24,50.51,Atende,Atende,,./0.png
-49.3243750188578,-28.6089303353121,"6",2021/10/06,"663829","6834193",2021 Diurno,Diurno,"70",70.28,55.61,Não atende,Atende,Influência da Rod. Ambrósio Dalló,./2.png
-49.3229737178837,-28.6089491039106,"7",2021/10/06,"663966","6834189",2021 Diurno,Diurno,"70",69.84,60.57,Atende,Atende,,./0.png
-49.3210417590861,-28.6088981157792,"8",2021/10/06,"664155","6834192",2021 Diurno,Diurno,"70",66.85,47.56,Não atende,Atende,Influência da Rod. Ambrósio Dalló e de animais,./0.png
-49.3210516244443,-28.6076348248297,"9",2021/10/06,"664156","6834332",2021 Diurno,Diurno,"70",53.96,50.60,Atende,Atende,,./0.png
-49.3210370230594,-28.6066239133239,"10",2021/10/06,"664159","6834444",2021 Diurno,Diurno,"70",55.92,50.65,Não atende,Atende,Influência do trânsito de veículos e latido de animais,./0.png
-49.321055712737,-28.6060917062651,"11",2021/10/06,"664158","6834503",2021 Diurno,Diurno,"70",57.15,50.80,Não atende,Atende,Ruído metálico da empresa (manutenção CM),./0.png
-49.3210034083708,-28.6055225223791,"12",2021/10/06,"664164","6834566",2021 Diurno,Diurno,"70",54.48,50.60,Atende,Atende,,./0.png
-49.3203220250715,-28.6059292031892,"13",2021/10/06,"664230","6834520",2021 Diurno,Diurno,"70",54.28,46.32,Atende,Atende,,./0.png
-49.3203068882897,-28.6055951135528,"14",2021/10/06,"664232","6834557",2021 Diurno,Diurno,"70",59.99,50.48,Não atende,Atende,Influência da Rua Elias Rosso e latido de animais,./0.png
-49.319544428189,-28.6059556638656,"15",2021/10/06,"664306","6834516",2021 Diurno,Diurno,"70",54.84,41.92,Atende,Atende,,./0.png
-49.3194594496383,-28.6055124158932,"16",2021/10/06,"664315","6834565",2021 Diurno,Diurno,"70",50.56,45.58,Atende,Atende,,./0.png
-49.3203232519041,-28.6045665367979,"17",2021/10/06,"664232","6834671",2021 Diurno,Diurno,"70",54.73,46.74,Atende,Atende,,./0.png
-49.3209921066655,-28.6043040906339,"18",2021/10/06,"664167","6834701",2021 Diurno,Diurno,"70",51.68,45.99,Atende,Atende,,./0.png
-49.3239597182894,-28.6022381279847,"19",2021/10/06,"663880","6834934",2021 Diurno,Diurno,"70",68.15,48.49,Não atende,Atende,Influência da Rua Benjamin Constante e obra civil,./0.png
-49.3238420136094,-28.6032113073052,"20",2021/10/06,"663890","6834826",2021 Diurno,Diurno,"70",62.35,56.03,Não atende,Atende,Influência da Rua Benjamin Constante e animais,./0.png
-49.3252842767483,-28.6031840090736,"21",2021/10/06,"663749","6834831",2021 Diurno,Diurno,"70",64.46,52.42,Não atende,Atende,Influência da Rua Maria de Lourdes Z. Pagnan,./0.png
-49.3256612676014,-28.6032698850363,"1",2021/10/13,"663712","6834822",2021 Noturno,Noturno,"60",59.66,55.65,Atende,Atende,,./0.png
-49.3257189560736,-28.604145963976,"2",2021/10/13,"663705","6834725",2021 Noturno,Noturno,"60",56.66,50.40,Atende,Atende,,./0.png
-49.3256394415495,-28.6052910801736,"3",2021/10/13,"663711","6834598",2021 Noturno,Noturno,"60",52.13,46.66,Atende,Atende,,./0.png
-49.3256695274546,-28.6066180376716,"4",2021/10/13,"663706","6834451",2021 Noturno,Noturno,"60",59.31,55.57,Atende,Atende,,./0.png
-49.3257209845359,-28.60853184434,"5",2021/10/13,"663698","6834239",2021 Noturno,Noturno,"60",54.00,45.58,Atende,Atende,,./0.png
-49.3243750188578,-28.6089303353121,"6",2021/10/13,"663829","6834193",2021 Noturno,Noturno,"60",63.17,50.84,Não atende,Atende,Influência da Rod. Ambrósio Dalló e de animais,./2.png
-49.3229737178837,-28.6089491039106,"7",2021/10/13,"663966","6834189",2021 Noturno,Noturno,"60",59.85,50.75,Atende,Atende,,./0.png
-49.3210417590861,-28.6088981157792,"8",2021/10/13,"664155","6834192",2021 Noturno,Noturno,"60",47.00,45.49,Atende,Atende,,./0.png
-49.3210516244443,-28.6076348248297,"9",2021/10/13,"664156","6834332",2021 Noturno,Noturno,"60",49.97,45.63,Atende,Atende,,./0.png
-49.3210370230594,-28.6066239133239,"10",2021/10/13,"664159","6834444",2021 Noturno,Noturno,"60",49.56,45.59,Atende,Atende,,./0.png
-49.321055712737,-28.6060917062651,"11",2021/10/13,"664158","6834503",2021 Noturno,Noturno,"60",51.16,50.42,Não atende,Não Atende,Ruído da empresa,./0.png
-49.3210034083708,-28.6055225223791,"12",2021/10/13,"664164","6834566",2021 Noturno,Noturno,"60",51.76,46.81,Não atende,Atende,Influência de latido de animais e vento nas árvores,./0.png
-49.3203220250715,-28.6059292031892,"13",2021/10/13,"664230","6834520",2021 Noturno,Noturno,"60",65.23,46.08,Não atende,Atende,Influência de latido de animais,./2.png
-49.3203068882897,-28.6055951135528,"14",2021/10/13,"664232","6834557",2021 Noturno,Noturno,"60",46.77,45.47,Atende,Atende,,./0.png
-49.319544428189,-28.6059556638656,"15",2021/10/13,"664306","6834516",2021 Noturno,Noturno,"60",40.03,35.73,Atende,Atende,,./0.png
-49.3194594496383,-28.6055124158932,"16",2021/10/13,"664315","6834565",2021 Noturno,Noturno,"60",42.59,40.50,Atende,Atende,,./0.png
-49.3203232519041,-28.6045665367979,"17",2021/10/13,"664232","6834671",2021 Noturno,Noturno,"60",46.82,45.33,Atende,Atende,,./0.png
-49.3209921066655,-28.6043040906339,"18",2021/10/13,"664167","6834701",2021 Noturno,Noturno,"60",46.23,42.51,Atende,Atende,,./0.png
-49.3239597182894,-28.6022381279847,"19",2021/10/13,"663880","6834934",2021 Noturno,Noturno,"60",44.35,40.60,Atende,Atende,,./0.png
-49.3238420136094,-28.6032113073052,"20",2021/10/13,"663890","6834826",2021 Noturno,Noturno,"60",55.07,50.87,Não atende,Atende,Som esporádico de quebras,./0.png
-49.3252842767483,-28.6031840090736,"21",2021/10/13,"663749","6834831",2021 Noturno,Noturno,"60",53.81,50.51,Atende,Atende,,./0.png
